,aLvlGiniSim,aLvlMeanToMedianSim,aNrmGiniSim,aNrmMeanToMedianSim,annual_growthFactors,growthFactors
0,0.5877358431812525,1.9202044225952328,0.6939239093545799,2.8668834191234396,1.0,1.0
1,0.6154203198943299,2.1113233122712387,0.6222351153291481,2.101964975739299,1.01,1.0024906793143211
2,0.647713516248605,2.3852392347717126,0.5439252744426522,1.6259743129469695,1.02,1.0049629315732038
3,0.6755383999751089,2.699137049113864,0.4583017115533798,1.3528799610667328,1.03,1.0074170717777329
4,0.6924643566577255,2.8889309112718347,0.3158476814744555,1.1007876054641692,1.04,1.0098534065489688
5,0.7629936261848889,4.21572026452815,0.28666922371700404,1.0529625183670928,1.05,1.0122722344290394
6,0.8222402910372258,6.589221002270115,0.28076990831215326,1.0391910565617368,1.06,1.0146738461686593
7,0.8663957158913798,10.768710315769436,0.2794212937646418,1.032302768629076,1.07,1.0170585250018114
