,aLvlGiniSim,aLvlMeanToMedianSim,aNrmGiniSim,aNrmMeanToMedianSim,annual_growthFactors,growthFactors
0,0.7647587077204712,6.163208632117906,0.7815590144785253,7.273119338057777,1.0,1.0
1,0.7675906764714882,6.111023494467588,0.7673812149512402,6.4998316479524645,1.01,1.0024906793143211
2,0.7709450482217083,6.056126741349333,0.7535466204345121,5.866734670371694,1.02,1.0049629315732038
3,0.7748632822252068,6.0147304594453495,0.7401610112930429,5.344878614210728,1.03,1.0074170717777329
4,0.7793636280148383,6.000631645850738,0.7273020006499127,4.911279652481335,1.04,1.0098534065489688
5,0.7844407980843286,6.02553351718366,0.7150205427521817,4.548619169450994,1.05,1.0122722344290394
6,0.7900661663070947,6.097855244665595,0.703343903330109,4.24274089891547,1.06,1.0146738461686593
7,0.7961893854798768,6.228727783029586,0.6922794789846303,3.9829641918576955,1.07,1.0170585250018114
