,aLvlGiniSim,aLvlMeanToMedianSim,aNrmGiniSim,aNrmMeanToMedianSim,annual_growthFactors,growthFactors
0,0.7735645596946099,5.55147965772946,0.8162983012619148,7.840334735763938,1.0,1.0
1,0.7850722709876535,5.812978397113951,0.7787917763268549,5.964439049107557,1.01,1.0024906793143211
2,0.801190453747819,6.266148343593529,0.7439475679281352,4.808595547329366,1.02,1.0049629315732038
3,0.8218010253899979,7.097558873988548,0.7128984609858336,4.0570217538980105,1.03,1.0074170717777329
4,0.8455078734684187,8.567273280725137,0.6857893936341543,3.5426676487791973,1.04,1.0098534065489688
5,0.8700049840262821,11.086730380393485,0.6622307772892586,3.1739138995742637,1.05,1.0122722344290394
6,0.8929549244961918,15.32382414755721,0.641664966068207,2.898609734735201,1.06,1.0146738461686593
7,0.9127781143737838,22.445624219805428,0.6235573623574406,2.6861349871341464,1.07,1.0170585250018114
