,aLvlGiniSim,aLvlMeanToMedianSim,aNrmGiniSim,aNrmMeanToMedianSim,annual_growthFactors,growthFactors
0,0.72815550403068,3.8352634461410298,0.799756876569163,5.830796392108081,1.0,1.0
1,0.7430705510334534,4.098956891328664,0.7482813937277619,4.276687964138486,1.01,1.0024906793143211
2,0.763021845935919,4.515622399732341,0.698287157759907,3.353120051880401,1.02,1.0049629315732038
3,0.7879064251419418,5.213580508625318,0.6531404353433464,2.78268018807418,1.03,1.0074170717777329
4,0.8161878074270823,6.407079676308026,0.6140789617608294,2.411953509804852,1.04,1.0098534065489688
5,0.8453032149700022,8.417786557194669,0.5808997890392738,2.15747720108443,1.05,1.0122722344290394
6,0.8726106774794792,11.777118073511375,0.5528017022728875,1.9749248633534595,1.06,1.0146738461686593
7,0.8962732824927975,17.44008486203921,0.5288833988925227,1.8394173273342713,1.07,1.0170585250018114
