,aLvlGiniSim,aLvlMeanToMedianSim,aNrmGiniSim,aNrmMeanToMedianSim,annual_growthFactors,growthFactors
0,0.5877358431812525,1.9202044225952328,0.6939239093545799,2.8668834191234396,1.0,1.0
1,0.6228470323646509,2.1791356238041892,0.6298639846046652,2.1731307760752387,1.01,1.0024906793143211
2,0.6626250032280282,2.5672026969785815,0.5671372489150641,1.7504503029308724,1.02,1.0049629315732038
3,0.7058977845095769,3.164497263805637,0.5095114022686209,1.4866174895510063,1.03,1.0074170717777329
4,0.7504501778032381,4.105580214897832,0.4591207423409698,1.3187993475216144,1.04,1.0098534065489688
5,0.7934106999802711,5.623900112639379,0.41649784172145987,1.2099582302217844,1.05,1.0122722344290394
6,0.8321013486820954,8.123385243214786,0.3810847878487894,1.1384022844944515,1.06,1.0146738461686593
7,0.8648353538159913,12.310916777844367,0.351818964517104,1.09066686307929,1.07,1.0170585250018114
