,aLvlGiniSim,aLvlMeanToMedianSim,aNrmGiniSim,aNrmMeanToMedianSim,annual_growthFactors,growthFactors
0,0.7647587077204712,6.163208632117906,0.7815590144785253,7.273119338057777,1.0,1.0
1,0.772953283229118,5.682626661697366,0.7726894606062734,5.857757544438328,1.01,1.0024906793143211
2,0.7646830957703505,4.554372053980857,0.7455219521225186,4.167867472428595,1.02,1.0049629315732038
3,0.7224988684930532,3.3316913682840443,0.6735927572088413,2.727852975421571,1.03,1.0074170717777329
4,0.5817887348260065,1.9553859299081875,0.47565467548192714,1.4851170952535688,1.04,1.0098534065489688
5,0.5316946555155226,1.6850683872789807,0.36291798736033043,1.1735286088689534,1.05,1.0122722344290394
6,0.5484208532901641,1.7608030057422759,0.33458190479251626,1.111183855951598,1.06,1.0146738461686593
7,0.5757044036396206,1.911970280288835,0.3224492405604269,1.0832116713715345,1.07,1.0170585250018114
