,aLvlGiniSim,aLvlMeanToMedianSim,aNrmGiniSim,aNrmMeanToMedianSim,annual_growthFactors,growthFactors
0,0.7735645596946099,5.55147965772946,0.8162983012619148,7.840334735763938,1.0,1.0
1,0.7688352823688822,4.585735598970473,0.7600704173927383,4.428828722944973,1.01,1.0024906793143211
2,0.7071522277753362,3.079925288648094,0.6077531029694552,2.133675760544146,1.02,1.0049629315732038
3,0.6416037972289601,2.3597753288886376,0.37543216522997624,1.216499963067691,1.03,1.0074170717777329
4,0.7049520424657826,3.051477459501842,0.32387940855612674,1.1022546263447792,1.04,1.0098534065489688
5,0.7737603208488266,4.46450696663861,0.30906229741377145,1.0698438900375498,1.05,1.0122722344290394
6,0.829856056301823,6.978629760445135,0.3026053460678112,1.0551363952503152,1.06,1.0146738461686593
7,0.8716472807624888,11.413964599506578,0.2994247274850871,1.0455842359737444,1.07,1.0170585250018114
