,aLvlGiniSim,aLvlMeanToMedianSim,aNrmGiniSim,aNrmMeanToMedianSim,annual_growthFactors,growthFactors
0,0.7735151151942611,5.558413996535083,0.8169450798328947,7.8636348513915895,1.0,1.0
1,0.7688912967210405,4.59247426792309,0.7607575992832599,4.4390204059045075,1.01,1.0024906793143211
2,0.7073485781264326,3.0848888062660342,0.6081567430314725,2.135728784023524,1.02,1.0049629315732038
3,0.6429968348415607,2.3710909850421915,0.3757766287969585,1.2172855531432605,1.03,1.0074170717777329
4,0.7064604547157896,3.0720734277436264,0.32402376918317105,1.102605321861767,1.04,1.0098534065489688
5,0.7750420648650993,4.50282370150046,0.3091565414602799,1.0700778947008738,1.05,1.0122722344290394
6,0.8308059886711354,7.047833207328557,0.3026765464452237,1.0552676509860146,1.06,1.0146738461686593
7,0.8722751747525725,11.540673057978006,0.2994822663076117,1.0456746734670122,1.07,1.0170585250018114
